{
  "genes": [
    "argA",
    "argB",
    "argC",
    "argD",
    "argE",
    "argF",
    "argG",
    "argH",
    "glnA",
    "gltB"
  ],
  "cai_scores": {
    "argA": 0.7098140833268115,
    "argB": 0.7319976959030443,
    "argC": 0.7098140833268115,
    "argD": 0.7991749067706678,
    "argE": 0.7098140833268115,
    "argF": 0.7973442262111128,
    "argG": 0.7896530662284924,
    "argH": 0.7319976959030443,
    "glnA": 0.685681388059926,
    "gltB": 0.6555155936880421
  },
  "highest_cai_gene": "argD",
  "sequence_lengths": {
    "argA": 587,
    "argB": 2117,
    "argC": 587,
    "argD": 1221,
    "argE": 587,
    "argF": 1183,
    "argG": 1344,
    "argH": 2117,
    "glnA": 813,
    "gltB": 1418
  }
}