{
  "genes": [
    "thrA",
    "thrB",
    "thrC",
    "metL",
    "lysC",
    "asd",
    "dapA",
    "dapB",
    "dapD",
    "dapF"
  ],
  "cai_scores": {
    "thrA": 0.8103757954342744,
    "thrB": 0.8103757954342744,
    "thrC": 0.8103757954342744,
    "metL": 0.800470939783955,
    "lysC": 0.7874608705521983,
    "asd": 0.7791616244702404,
    "dapA": 0.7832140413336673,
    "dapB": 0.807171425600558,
    "dapD": 0.8170344805311538,
    "dapF": 0.800456592120826
  },
  "highest_cai_gene": "dapD",
  "sequence_lengths": {
    "thrA": 5922,
    "thrB": 5922,
    "thrC": 5922,
    "metL": 1751,
    "lysC": 1587,
    "asd": 1674,
    "dapA": 2440,
    "dapB": 1281,
    "dapD": 1182,
    "dapF": 2500
  }
}