{
  "genes": [
    "ilvA",
    "ilvB",
    "ilvC",
    "ilvD",
    "ilvE",
    "leuA",
    "leuB",
    "leuC",
    "leuD",
    "proA"
  ],
  "cai_scores": {
    "ilvA": 0.823530016032229,
    "ilvB": 0.7775285649748629,
    "ilvC": 0.7729126180582939,
    "ilvD": 0.7581264564652033,
    "ilvE": 0.8059465985201297,
    "leuA": 0.79354220340982,
    "leuC": 0.883977784477789,
    "proA": 0.7694380074999504
  },
  "highest_cai_gene": "leuC",
  "sequence_lengths": {
    "ilvA": 2833,
    "ilvB": 2462,
    "ilvC": 2039,
    "ilvD": 1714,
    "ilvE": 9456,
    "leuA": 306,
    "leuC": 614,
    "proA": 11554
  }
}