{
  "genes": [
    "trpA",
    "trpB",
    "trpC",
    "trpD",
    "trpE",
    "pheA",
    "tyrA",
    "hisA",
    "hisB",
    "hisC"
  ],
  "cai_scores": {
    "trpA": 0.7628813524890943,
    "trpB": 0.7628813524890943,
    "trpC": 0.7628813524890943,
    "trpD": 0.7628813524890943,
    "trpE": 0.7628813524890943,
    "pheA": 0.7870432822770904,
    "tyrA": 0.7693528387447722,
    "hisA": 0.7705500144301388,
    "hisB": 0.7705500144301388,
    "hisC": 0.824749379440117
  },
  "highest_cai_gene": "hisC",
  "sequence_lengths": {
    "trpA": 7539,
    "trpB": 7539,
    "trpC": 7539,
    "trpD": 7539,
    "trpE": 7539,
    "pheA": 1161,
    "tyrA": 1122,
    "hisA": 7390,
    "hisB": 7390,
    "hisC": 1071
  }
}