{
  "genes": [
    "dnaA",
    "dnaN",
    "recA",
    "gyrB",
    "rpoA",
    "rpoB",
    "rpoC",
    "rpsL",
    "rpsG",
    "fusA"
  ],
  "cai_scores": {
    "dnaA": 0.6074697201380355,
    "dnaN": 0.6074697201380355,
    "recA": 0.5102076086921977,
    "gyrB": 0.8061766926492773,
    "rpoA": 0.5697185106572891,
    "rpoB": 0.8097727357313761,
    "rpoC": 0.8500271407791296,
    "rpsL": 0.6519122456993183,
    "rpsG": 0.6519122456993183,
    "fusA": 0.8593050799693633
  },
  "highest_cai_gene": "fusA",
  "sequence_lengths": {
    "dnaA": 3873,
    "dnaN": 3873,
    "recA": 510,
    "gyrB": 460,
    "rpoA": 381,
    "rpoB": 4062,
    "rpoC": 2442,
    "rpsL": 3295,
    "rpsG": 3295,
    "fusA": 633
  }
}